{
  "classes": [
    "00",
    "01",
    "02",
    "03",
    "04",
    "05",
    "06",
    "07",
    "08",
    "09"
  ],
  "image_size": 120,
  "channels": [
    16,
    32,
    64,
    128
  ],
  "downsampling": "stride-2 convolution",
  "validation_loss": 0.49075043201446533,
  "validation_accuracy": 0.8541247248649597,
  "epochs_completed": 22,
  "best_validation_accuracy": 0.8541247248649597
}